NOMBRE,GOLES
SEBASTIAN RUMINOT,36
HERNAN ESCALANTE,21
DANIEL RAMOS,17
ANDRES ULLOA,17
DIEGO CANCINO,15
FRANCISCO RAMIREZ,15
JESUS VILLAMIZAR,14
DARIL STUARDO,11
PATRICIO ORTEGA,10
DANIEL GALLARDO,8
NICOLAS BRAVO,8
JONATHAN MOYA,7
NICOLAS BARRA,7
JOEL LAGOS,7
IGNACIO CARDENAS,7
ESTEBAN SEPULVEDA,7
DANIEL MOYA,7
DARIK MAQUEZ,5
MARCELO LOYOLA,4
LUIS URRA,4
ALEJANDRO MORALES,3
LENIN,3
CESAR,3
DAVID INZUNZA,2
GABRIEL MOYA,2
CARLOS CAMBERES,2
FELIPE CANALES,2
ROBY ARANEDA,1
MAURICIO ESCOBAR,1
JOSUE RUIZ,1
MARIO URRUTIA,1